name,product_name,halal_code,fda_number,barcode,expiry_date,company_name,company_address,company_email,cordinator_name,cordinator_contact,long_product_detail,image_link,category
AJE BIG BLUE HAWAII,CARBONATED DRINK APPLE FLAVOUR,92C0651091166,N/A,N/A,22/11/2025,"AJETHAI  CO., LTD.","700/318 Moo 6, Amata Nakorn Industrial Estate Soi 14, T. Donhualoh, A. Muang, Chonburi, 20000 Thailand., Don Hua Lo, Mueang Chon Buri, Chon Buri, 20000",Pornsiri.thammajit.th@ajegroup.com,Mr.Pakapon Phachanaphan,038-214-504 ต่อ  7249,CARBONATED DRINK APPLE FLAVOUR,https://halal.co.th/storages/products/741614.jpg,Services
"Compact Energy Co.,Ltd.","Diatomaceous Earth ""Radiolite""Brand / China",99D6900110164,N/A,N/A,21/01/2027,"COMPACT ENERGY CO.,LTD.","234-234/1 SOI SOONVIJAI 4, RAMA 9 RD., BANGKAPI, HUAYKWANG, BANGKOK 10310, THAILAND., Bang Kapi, Khet Huai Khwang, Bangkok, 10310",admin@zenithpower.co.th,MR. VICHIEN KITKRAILARD,081-804-4460,"Diatomaceous Earth ""Radiolite""Brand / China",https://halal.co.th/storages/products/556908.jpg,Services
Bento,Mixed Seafood Snack Sweet & Spicy Flavour,438691321067,N/A,8 850157 408158,10/10/2028,"SRINANAPORN MARKETING PUBLIC CO.,LTD (SETTHAKIT ROAD BRANCH)","234 Moo 4, Tambon Om Noi, Krathum Baen,Samut Sakhon 74130, Thailand., Om Noi, Krathum Baen, Samut Sakhon, 74130",pichet_sdf@snnp.co.th,Mr.Pichet  Puntawong,0-2023-4680-4,"Slightly brown colour, soft and elastic to semicrispy texture. Characteristic of grilled squid, hot, sweet and slightly sour taste, hot and spicy aroma. Short sheet with  a cross pattern.",https://halal.co.th/storages/products/794399.jpg,Services
Bento,Mixed Seafood Snack Sweet & Spicy Flavour,438691321067,N/A,8 850157 405836,10/10/2028,"SRINANAPORN MARKETING PUBLIC CO.,LTD (SETTHAKIT ROAD BRANCH)","234 Moo 4, Tambon Om Noi, Krathum Baen,Samut Sakhon 74130, Thailand., Om Noi, Krathum Baen, Samut Sakhon, 74130",pichet_sdf@snnp.co.th,Mr.Pichet  Puntawong,0-2023-4680-4,"Slightly brown colour, soft and elastic to semicrispy texture. Characteristic of grilled squid, hot, sweet and slightly sour taste, hot and spicy aroma. Short sheet with  a cross pattern.",https://halal.co.th/storages/products/802920.jpg,Services
,N/A,1004280010444,N/A,N/A,31/07/2025,,"Yan Ta Khao, Yan Ta Khao, Trang, 92140",,,"086-2680367, 075-281448 ต่อ 117",,https://halal.co.th/storages/products/340913.jpg,Services
Falcon,N/A,604300190644,11-1-22223-2-0002,8850188140201,01/06/2026,FRIESLAND CAMPINA (THAILAND) PUBLIC COMPANY LIMITED.,"388 5TH FLOOR S.P. BUILDING, PAHOLYOTHIN ROAD, SAMSENNAI, PHAYATHAI, BANGKOK, 10400, THAILAND, Samsen Nai, Khet Phaya Thai, Bangkok, 10400",uthaiwan.la-orkhun@frieslandcampina.com,-,0-2620-1900#1114,,https://halal.co.th/storages/products/284193.jpg,Services
Falcon,N/A,604302371058,N/A,8850188803106,01/06/2026,FRIESLAND CAMPINA (THAILAND) PUBLIC COMPANY LIMITED.,"388 5TH FLOOR S.P. BUILDING, PAHOLYOTHIN ROAD, SAMSENNAI, PHAYATHAI, BANGKOK, 10400, THAILAND, Samsen Nai, Khet Phaya Thai, Bangkok, 10400",uthaiwan.la-orkhun@frieslandcampina.com,-,0-2620-1900#1114,,https://halal.co.th/storages/products/536142.jpg,Services
MILDY,N/A,872490330944,25-1-04738-2-0142,8850425003863,11/12/2026,"EUROPEAN FOOD PUBLIC CO., LTD.","291 MOO 10, POOCHAOSAMINGPRAI ROAD, SOUTH SAMRONG, PRAPRADANG, SAMUTPRAKAN 10130, THAILAND., Samrong Tai, Phra Pradaeng, Samut Prakan, 10130",-,-,023843049,,https://halal.co.th/storages/products/345496.jpg,Services
MILDY,N/A,872490330944,25-1-04738-2-0142,8850425004457,11/12/2026,"EUROPEAN FOOD PUBLIC CO., LTD.","291 MOO 10, POOCHAOSAMINGPRAI ROAD, SOUTH SAMRONG, PRAPRADANG, SAMUTPRAKAN 10130, THAILAND., Samrong Tai, Phra Pradaeng, Samut Prakan, 10130",-,-,023843049,,https://halal.co.th/storages/products/536988.jpg,Services
SEA ELEPHANT,RICE FLOUR,779450010746,N/A,8859299311005,06/11/2027,"HOK SENG RICE FLOUR CO.,LTD.","118,120  SUKSAWAT ROAD, CHOMTHONG, CHOMTHONG, BANGKOK ,10150,THAILAND., Chom Thong, Khet Chom Thong, Bangkok, 10150",info@hokseng.com,nattha,0814897765,RICE FLOUR,https://halal.co.th/storages/products/501676.jpg,Services
N/A,100% Aromatic Coconut Water (250 ml),91T6030011167,73-2-00562-2-0001,8857200407014,06/11/2025,"Family Green Harvest Co.,Ltd.","111/25 Moo 11 Bangrakham, Banglane, Nakornphathom, 73130, Thailand., Bang Rakam, Bang Len, Nakhon Pathom, 73130",piyaporn@familygreenharvest.com,Piyaporn Phoosuphanusorn,0816435630,100% Aromatic Coconut Water (250 ml),https://halal.co.th/storages/products/778776.png,Services
Tipco,"65 % MIXED VEGETABLE JUICE & 35 % MIXED FRUIT JUICE (CARROT,CELERY, TOMATO, ORANGE, PASSIONFRUIT, PINEAPPLE)",91A7090281249,14-2-00249-2-0054,8851013740498,05/12/2026,"TIPCO F&B CO., LTD.","118/1 TIPCO TOWER, RAMA 6 RD., PHAYATHAI, PHAYATHAI, BANGKOK 10400, THAILAND., Phaya Thai, Khet Phaya Thai, Bangkok, 10400",numphueng@tipco.net,numphueng,035-950851-4 #3606,,https://halal.co.th/storages/products/376343.jpg,Services
,N/A,1004280010444,N/A,N/A,31/07/2025,,"Yan Ta Khao, Yan Ta Khao, Trang, 92140",,,"086-2680367, 075-281448 ต่อ 117",,https://halal.co.th/storages/products/340913.jpg,Services
-,-,100C3350010155,N/A,N/A,26/01/2026,-,"Sateng, Mueang Yala, Yala, 95000",pvyala@hotmail.com,-,073 - 217-001-9,-,https://halal.co.th/storages/products/809697.jpg,Services
-,-,100C3350010155,N/A,N/A,26/01/2026,-,"Sateng, Mueang Yala, Yala, 95000",pvyala@hotmail.com,-,073 - 217-001-9,-,https://halal.co.th/storages/products/809698.jpg,Services
-,-,100C3350010155,N/A,N/A,26/01/2026,-,"Sateng, Mueang Yala, Yala, 95000",pvyala@hotmail.com,-,073 - 217-001-9,-,https://halal.co.th/storages/products/809699.jpg,Services
-,-,100C3350010155,N/A,N/A,26/01/2026,-,"Sateng, Mueang Yala, Yala, 95000",pvyala@hotmail.com,-,073 - 217-001-9,-,https://halal.co.th/storages/products/809700.jpg,Services
-,-,100C3350010155,N/A,N/A,26/01/2026,-,"Sateng, Mueang Yala, Yala, 95000",pvyala@hotmail.com,-,073 - 217-001-9,-,https://halal.co.th/storages/products/809701.jpg,Services
-,-,100C3350010155,N/A,N/A,26/01/2026,-,"Sateng, Mueang Yala, Yala, 95000",pvyala@hotmail.com,-,073 - 217-001-9,-,https://halal.co.th/storages/products/400692.jpg,Services
-,-,100C3350010155,N/A,N/A,26/01/2026,-,"Sateng, Mueang Yala, Yala, 95000",pvyala@hotmail.com,-,073 - 217-001-9,-,https://halal.co.th/storages/products/809702.jpg,Services
-,-,100C3350010155,N/A,N/A,26/01/2026,-,"Sateng, Mueang Yala, Yala, 95000",pvyala@hotmail.com,-,073 - 217-001-9,-,https://halal.co.th/storages/products/809703.jpg,Services
-,-,100C3350010155,N/A,N/A,26/01/2026,-,"Sateng, Mueang Yala, Yala, 95000",pvyala@hotmail.com,-,073 - 217-001-9,-,https://halal.co.th/storages/products/809695.jpg,Services
-,-,100C3350010155,N/A,N/A,26/01/2026,-,"Sateng, Mueang Yala, Yala, 95000",pvyala@hotmail.com,-,073 - 217-001-9,-,https://halal.co.th/storages/products/809704.jpg,Services
-,-,100C3350010155,N/A,N/A,26/01/2026,-,"Sateng, Mueang Yala, Yala, 95000",pvyala@hotmail.com,-,073 - 217-001-9,-,https://halal.co.th/storages/products/809696.jpg,Services
keenakcafe,-,100U5660010568,-,N/A,02/05/2026,keenakcafe,"89 m3 kounpoo moang satun, Khuan Pho, Mueang Satun, Satun, 91140",piyawatpundin@gmail.com,Mr.sommai junplong,0864759653,food&beverrage,https://halal.co.th/storages/products/813603.jpg,Services
N/A,Charcoal Tandoor Grill & Mixology,100T5390010867,-,N/A,04/08/2025,"chaiyos land Co.,Ltd","38/8 Soi Sukhumvit 11 (Chaiyot), Khlong Toei Nuea, Watthana, Bangkok 10110, Thailand., Khlong Toei Nuea, Khet Watthana, Bangkok, 10110",admin@charcoalbkk.com,-,089-118-2925,,https://halal.co.th/storages/products/758839.jpg,Services
N/A,"Food & Baverage Service, Halal Kitchen",100F9270010160,N/A,N/A,20/01/2026,Grand Pacific Sovereign Resort & Spa,"104 Rimklong Bangkapi Road, Bangkapi Sub-district, Huai Khwang District, Bangkok 10310, Thailand., Bang Kapi, Khet Huai Khwang, Bangkok, 10310",gpc.sec.exe@sovereignresortandspa.com,Thayada Sooksawad,0990153868,"Food & Baverage Service, Halal Kitchen",https://halal.co.th/storages/products/646253.jpg,Services
N/A,Halal Kitchen,100T5430011067,N/A,N/A,17/10/2025,kanda - hayati,"18/7 Moo 5, Khlong Hae, Hat Yai, Songkhla, 90110",psk1565@gmail.com,Phunsak Amarangkul,0815424134,,https://halal.co.th/storages/products/759874.jpg,Services
N/A,Quick Meal (Kruaw Nayadia),100T3570010967,1640100002016,N/A,09/09/2025,Kruaw nayadia Chulalongkorn Branch,"254 (Faculty of Education Restaurant Chulalongkorn University) Room number, shop number A5 Phaya Thai Road, Wang Mai, Khet Pathum Wan, Bangkok, 10330",nayadia2527@gmail.com,Apisara Ontham,0813669901,,https://halal.co.th/storages/products/744444.jpg,Services
Trang waterpark Halal Kitchen,Trangwaterpark Halah kitchen,100U5640010568,R034/2566,R034/2566,28/02/2026,SRISOMCHAIY CPAC,"78 M.7, Banna, Palian, Trang 92140, Thailand., Ban Na, Palian, Trang, 92140",trangvilla78@gmail.com,Maytika,0990828984,Trangwaterpark Halah Kitchen,https://halal.co.th/storages/products/815075.png,Services
-,ครัวฮาลาล,1009100011045,-,N/A,24/09/2025,-,"Ru Samilae, Mueang Pattani, Pattani, 94000",cspattani@gmail.com,-,0-7333-6090-6,-,https://halal.co.th/storages/products/322563.jpg,Services
-,N/A,100B1000010651,N/A,N/A,06/09/2025,,"Phiman, Mueang Satun, Satun, 91000",,,081-2769277,,https://halal.co.th/en/layout/images/noimage-product.jpg,Services
-,N/A,100D0960010157,N/A,N/A,28/08/2025,,"Betong, Betong, Yala, 95110",betongmerlin.ac@gmail.com,,073-230222,,https://halal.co.th/en/layout/images/noimage-product.jpg,Services
-,N/A,100D8190011257,N/A,N/A,20/12/2025,-,"Yi-ngo, Yi-ngo, Narathiwat, 96180",maymarin@hotmail.com,Marinee Pohsu,073-709609 ต่อ 405,,https://halal.co.th/en/layout/images/noimage-product.jpg,Services
,N/A,100E3800011158,N/A,N/A,09/04/2026,QUFU Noodle,"41/1 Sriphuwanart Hat yai, Hat Yai, Hat Yai, Songkhla, 90110",discoproductfood@gmail.com,miss panisara Boonyasorn,805234777,,https://halal.co.th/en/layout/images/noimage-product.jpg,Services
-,N/A,100E4210011158,N/A,N/A,13/11/2025,,"Khan Na Yao, Khet Khan Na Yao, Bangkok, 10230",kesornmas@hotmail.com,-,"081-3758241, 0-2510-0051 ต่อ 174",,https://halal.co.th/en/layout/images/noimage-product.jpg,Services
,N/A,100E6240010958,N/A,N/A,09/08/2025,Choairong Hospital,"348 M.1, Chuap, Cho-airong, Narathiwat, 96130",phom_aklima@hotmail.co.th,Akhlima Waehama,094-2547666,,https://halal.co.th/en/layout/images/noimage-product.jpg,Services
Maki Café,N/A,100F2450010859,N/A,N/A,28/08/2025,-,"Sateng, Mueang Yala, Yala, 95000",,-,084 - 3593543,,https://halal.co.th/en/layout/images/noimage-product.jpg,Services
,N/A,100F5040011059,N/A,N/A,17/10/2025,,"Kamphaeng Phet, Rattaphum, Songkhla, 90180",,,074 - 430390 ต่อ 102,,https://halal.co.th/en/layout/images/noimage-product.jpg,Services
-,N/A,100J6490010762,N/A,N/A,02/08/2025,papayamom (tamseep) 2,"1265 m 2, Pak Nam, La-ngu, Satun, 91110",yalita49585@gmail.com,ัyalita  petthong,0661646635,,https://halal.co.th/en/layout/images/noimage-product.jpg,Services
-,N/A,100J9370010862,N/A,N/A,21/10/2025,-,"Sateng, Mueang Yala, Yala, 95000",realmeatbymayu@gmail.com,-,"062-8924888 , 081-5400329",,https://halal.co.th/en/layout/images/noimage-product.jpg,Services
-,N/A,100L6130010963,N/A,N/A,21/10/2025,-,"Sateng, Mueang Yala, Yala, 95000",nipawadee2242@gmail.com,-,087-2944874,,https://halal.co.th/en/layout/images/noimage-product.jpg,Services
-,N/A,100L7010011063,N/A,N/A,24/07/2025,-,"Khuha Sawan, Mueang Phatthalung, Phatthalung, 93000",hrm@sivaroyal.com,-,074-673999,,https://halal.co.th/en/layout/images/noimage-product.jpg,Services
-,N/A,100L7010011063,N/A,N/A,24/07/2025,-,"Khuha Sawan, Mueang Phatthalung, Phatthalung, 93000",hrm@sivaroyal.com,-,074-673999,,https://halal.co.th/en/layout/images/noimage-product.jpg,Services
N/A,N/A,100M0050010164,N/A,N/A,20/11/2025,Sushichampion,"61 Samchai R., Hat Yai, Hat Yai, Songkhla, 90110",sushichamppsu@hotmail.com,Wachiraya Muenjhon,0973450868,,https://halal.co.th/en/layout/images/noimage-product.jpg,Services
N/A,N/A,100M0060010164,N/A,N/A,20/11/2025,Sushichampion,"61 Samchai, Hat Yai, Hat Yai, Songkhla, 90110",sushichamppsu@hotmail.com,Wachiraya Muenjhon,0973450868,,https://halal.co.th/en/layout/images/noimage-product.jpg,Services
N/A,N/A,100M2180010364,N/A,N/A,18/09/2025,-,"Sabarang, Mueang Pattani, Pattani, 94000",Yangnoei.tani@gmail.com,Wichayapon Detsuphakul,098-982-9122,,https://halal.co.th/en/layout/images/noimage-product.jpg,Services
N/A,N/A,100M6440010664,N/A,N/A,21/10/2025,-,"Sateng, Mueang Yala, Yala, 95000",nana-giftshop@hotmail.com,-,081-9594016,,https://halal.co.th/en/layout/images/noimage-product.jpg,Services
-,-,100B2330011151,N/A,N/A,06/12/2025,-,"666  m 2, Phawong, Mueang Songkhla, Songkhla, 90100",nutrition.songkhla@gmail.com,-,074-380059,-,https://halal.co.th/en/layout/images/noimage-product.jpg,Services
-,-,100B2540011251,-,ครัวฮาลาล,07/06/2026,-,"Rueso, Rueso, Narathiwat, 96150",-,-,-,-,https://halal.co.th/en/layout/images/noimage-product.jpg,Services
-,-,100B2550011251,-,ครัวฮาลาล,15/03/2026,-,"No. 180 Rangae Mankha Road, Bang Nak, Mueang Narathiwat, Narathiwat, 96000",-,-,-,-,https://halal.co.th/en/layout/images/noimage-product.jpg,Services
-,-,100B2640011251,-,N/A,23/11/2025,-,"Chehe, Tak Bai, Narathiwat, 96110",ananee.31@gmail.com,-,073-581200 ต่อ 102,-,https://halal.co.th/en/layout/images/noimage-product.jpg,Services
-,-,100B4040010852,-,N/A,28/02/2026,-,"Na Yong Nuea, Na Yong, Trang, 92170",saijai2533@hotmail.com,-,"075-299873, 089-2525815",-,https://halal.co.th/en/layout/images/noimage-product.jpg,Services
-,-,100C3770010355,N/A,N/A,23/11/2025,-,"Sateng, Mueang Yala, Yala, 95000",ubon661950@gmail.com,-,073-215711-2,,https://halal.co.th/en/layout/images/noimage-product.jpg,Services
,-,100C5470010356,N/A,N/A,22/10/2025,,"Nai Mueang, Mueang Nakhon Si Thammarat, Nakhon Si Thammarat, 80000",,,075-323777,,https://halal.co.th/en/layout/images/noimage-product.jpg,Services
,-,100D3590010657,N/A,N/A,02/06/2026,Sampeenong,"93 yatrasawaddee Rod. Phiman, Phiman, Mueang Satun, Satun, 91000",zaree.stn@gmail.com,Kanyanee Phanthaphark,074-723848,-,https://halal.co.th/en/layout/images/noimage-product.jpg,Services
-,-,100D7850010857,N/A,N/A,15/08/2025,,"Sadao, Sadao, Songkhla, 90120",bb8528@hotmail.com,,"074-379997, 074-379998 ต่อ 202, 203",,https://halal.co.th/en/layout/images/noimage-product.jpg,Services
AMEEN HALAL FOOD,-,100D8350010358,N/A,N/A,10/06/2026,,"Tham Nam Phut, Mueang Phang-nga, Phangnga, 82000",,,084-5415353,-,https://halal.co.th/en/layout/images/noimage-product.jpg,Services
-,-,100E5700011159,N/A,N/A,08/10/2025,-,"Sako, Si Sakhon, Narathiwat, 96210",-,-,0 - 7356 1145,-,https://halal.co.th/en/layout/images/noimage-product.jpg,Services
,-,100F7290011259,N/A,N/A,16/09/2025,-,"Sateng, Mueang Yala, Yala, 95000",mayranee10@hotmail.com,-,084-8589127,-,https://halal.co.th/en/layout/images/noimage-product.jpg,Services
N/A,-,100P9850011065,N/A,N/A,01/10/2025,-,"Falami, Pak Phayun, Phatthalung, 93120",,-,084-9419199,-,https://halal.co.th/en/layout/images/noimage-product.jpg,Services
Sushikumto yala,-,100Q5980010366,N/A,N/A,21/02/2026,sushikumto yala,"144 Ruammit Rd, Sateng, Mueang Yala, Yala, 95000",Soryasara3693@gmail.com,Sorya sara,0611763512,,https://halal.co.th/en/layout/images/noimage-product.jpg,Services
Phunga Hotel,-,100Q7860010366,N/A,N/A,06/02/2026,-,"Tak Daet, Mueang Phang-nga, Phangnga, 82000",siriwat.phunga@gmail.com,Siriwat  Santisukttrakul,0869422415,-,https://halal.co.th/en/layout/images/noimage-product.jpg,Services
N/A,-,100S0310010966,-,N/A,16/09/2025,-,"Khao Rup Chang, Mueang Songkhla, Songkhla, 90000",-,-,-,-,https://halal.co.th/en/layout/images/noimage-product.jpg,Services
-,-,100U7060010568,N/A,N/A,12/05/2026,-,"Lam Toiting, Khet  Nong Chok, Bangkok, 10530",,-,081-6293176,-,https://halal.co.th/en/layout/images/noimage-product.jpg,Services
N/A,-,101P9740011065,-,N/A,13/11/2025,"Prince of Songkla University, Pattani Campus (Halal Food Science Center Pattani)","Prince of Songkla University, Pattani Campus
181 Jalearnpradit Road, Ru Samilae, Mueang Pattani, Pattani, 94000",ladarat.a@psu.ac.th,Ladarat Ali,0894558182,-,https://halal.co.th/en/layout/images/noimage-product.jpg,Services
N/A,-,101P9740021065,N/A,N/A,13/11/2025,"Prince of Songkla University, Pattani Campus (Halal Food Science Center Pattani)","Prince of Songkla University, Pattani Campus
181 Jalearnpradit Road, Ru Samilae, Mueang Pattani, Pattani, 94000",ladarat.a@psu.ac.th,Ladarat Ali,0894558182,-,https://halal.co.th/en/layout/images/noimage-product.jpg,Services
N/A,-,101Q2890011165,N/A,N/A,15/11/2026,"PITIFOODS WANGNOI CO.,LTD.","85 MOO 1, Sanap Thuep, Wang Noi, Phra Nakhon Si Ayutthaya, 13170",pitifoods855@hotmail.com,KHANITTHA,081-8975413,-,https://halal.co.th/en/layout/images/noimage-product.jpg,Services
N/A,-,102K1870011062,N/A,N/A,30/09/2025,GAC Thoresen Logistics Ltd.,"Lumphini, Khet Pathum Wan, Bangkok, 10330",kunlaya.suehang@gac.com,,"085-545-9692, 038-185090-2 ต่อ117",-,https://halal.co.th/en/layout/images/noimage-product.jpg,Services
N/A,Air freight full unit load device,102U0290021267,-,N/A,10/12/2025,Triple i Logistics Public Company Limited,"628 Triple i Building, Soi Klap Chom, Nonsee Road,, Yan Nawa, Bangkok 10120, Chong Nonsi, Khet Yan Nawa, Bangkok, 10120",wasawat@iii-logistics.com,Wasawat Jarubundit,0894649953,Halal logistics systems of Air freight unit load.,https://halal.co.th/en/layout/images/noimage-product.jpg,Services
N/A,Ban dalah,100S4130010367,N/A,N/A,20/01/2026,Dalah,"51 Jabungtikor, Chabang Tiko, Mueang Pattani, Pattani, 94000",sujittra.surachai2140@gmail.com,sarunphat,0945362636,,https://halal.co.th/en/layout/images/noimage-product.jpg,Services
,CASABLANCA ARABIAN RESTAURANT,100B0870010551,N/A,N/A,17/01/2026,THE ROYAL PARADISE HOTEL & SPA,"135/23  Rat-U-Thit 200 Pee Rd., Patong Beach, Kathu, Phuket  83150, Thailand., Pa Tong, Kathu, Phuket, 83150",,Mr.Daow Sittichon,076-340565,,https://halal.co.th/en/layout/images/noimage-product.jpg,Services
CenterPark Cafe',CenterPark Cafe',100T3530010967,N/A,N/A,04/09/2025,Center park Cafe',"56 Ruammit Rd., Sateng, Mueang Yala, Yala, 95000",momshop2@gmail.com,Mr.Arfan Doloh,0870012351,,https://halal.co.th/en/layout/images/noimage-product.jpg,Services
-,Certification of the storage process according to Islamic principles,102I7410010961,N/A,N/A,06/11/2025,"JWD PACIFIC CO., LTD.","36 KRUNGTHEP KREETHA ROAD, HUAMRK, BANGKAPI, BANGKOK 10240, THAILAND., Hua Mak, Khet Bang Kapi, Bangkok, 10240",hr@jwd-pacific.com,-,"062-646-0003, 033-020-800 #2830",Certification of the storage process according to Islamic principles,https://halal.co.th/en/layout/images/noimage-product.jpg,Services
N/A,Cold Storage (ASRS 01),101T7010031067,N/A,N/A,27/10/2025,"Pacific Cold Storage Co.,Ltd. (Samut Prakan Branch)","41 Moo 1 Sisa Chorakhe Yai, Bang Sao Thong, Samut prakan 10570, Sisa Chorakhe Yai, Bang Sao Thong, Samut Prakan, 10570",sureesangthip.s@scgjwd.com,Sureesangthip Saeku,0918186441,,https://halal.co.th/en/layout/images/noimage-product.jpg,Services
N/A,Cold Storage (ASRS 02),101T7010041067,N/A,N/A,27/10/2025,"Pacific Cold Storage Co.,Ltd. (Samut Prakan Branch)","41 Moo 1 Sisa Chorakhe Yai, Bang Sao Thong, Samut prakan 10570, Sisa Chorakhe Yai, Bang Sao Thong, Samut Prakan, 10570",sureesangthip.s@scgjwd.com,Sureesangthip Saeku,0918186441,,https://halal.co.th/en/layout/images/noimage-product.jpg,Services
"Pacific Cold Storage Co.,Ltd. (Rangsit Branch)",Cold Storage (ASRS01),101U4420050468,N/A,N/A,01/04/2026,"Pacific Cold Storage Co., Ltd. (Rangsit Branch)","23/10 Moo 3, Khlong Nueng, Khlong Luang, Pathumthani  12120, Thailand., Khlong Nueng, Khlong Luang, Pathum Thani, 12120",weesuda.k@scgjwd.com,Weesuda Kamtone,0863377311,,https://halal.co.th/en/layout/images/noimage-product.jpg,Services
"Pacific Cold Storage Co.,Ltd. (Rangsit Branch)",Cold Storage (M01),101U4420030468,N/A,N/A,01/04/2026,"Pacific Cold Storage Co., Ltd. (Rangsit Branch)","23/10 Moo 3, Khlong Nueng, Khlong Luang, Pathumthani  12120, Thailand., Khlong Nueng, Khlong Luang, Pathum Thani, 12120",weesuda.k@scgjwd.com,Weesuda Kamtone,0863377311,,https://halal.co.th/en/layout/images/noimage-product.jpg,Services
N/A,Cold Storage (Mobile 01),101T7010011067,N/A,N/A,27/10/2025,"Pacific Cold Storage Co.,Ltd. (Samut Prakan Branch)","41 Moo 1 Sisa Chorakhe Yai, Bang Sao Thong, Samut prakan 10570, Sisa Chorakhe Yai, Bang Sao Thong, Samut Prakan, 10570",sureesangthip.s@scgjwd.com,Sureesangthip Saeku,0918186441,COLD STORAGE PROVIDER,https://halal.co.th/en/layout/images/noimage-product.jpg,Services
N/A,Cold Storage (P01),101T7010021067,N/A,N/A,27/10/2025,"Pacific Cold Storage Co.,Ltd. (Samut Prakan Branch)","41 Moo 1 Sisa Chorakhe Yai, Bang Sao Thong, Samut prakan 10570, Sisa Chorakhe Yai, Bang Sao Thong, Samut Prakan, 10570",sureesangthip.s@scgjwd.com,Sureesangthip Saeku,0918186441,,https://halal.co.th/en/layout/images/noimage-product.jpg,Services
"Pacific Cold Storage Co.,Ltd. (Rangsit Branch)",Cold Storage (P01),101U4420010468,N/A,N/A,01/04/2026,"Pacific Cold Storage Co., Ltd. (Rangsit Branch)","23/10 Moo 3, Khlong Nueng, Khlong Luang, Pathumthani  12120, Thailand., Khlong Nueng, Khlong Luang, Pathum Thani, 12120",weesuda.k@scgjwd.com,Weesuda Kamtone,0863377311,,https://halal.co.th/en/layout/images/noimage-product.jpg,Services
"Pacific Cold Storage Co.,Ltd. (Rangsit Branch)",Cold Storage (R03),101U4420040468,N/A,N/A,01/04/2026,"Pacific Cold Storage Co., Ltd. (Rangsit Branch)","23/10 Moo 3, Khlong Nueng, Khlong Luang, Pathumthani  12120, Thailand., Khlong Nueng, Khlong Luang, Pathum Thani, 12120",weesuda.k@scgjwd.com,Weesuda Kamtone,0863377311,,https://halal.co.th/en/layout/images/noimage-product.jpg,Services
"Pacific Cold Storage Co.,Ltd. (Rangsit Branch)",Cold Storage (R04),101U4420020468,N/A,N/A,01/04/2026,"Pacific Cold Storage Co., Ltd. (Rangsit Branch)","23/10 Moo 3, Khlong Nueng, Khlong Luang, Pathumthani  12120, Thailand., Khlong Nueng, Khlong Luang, Pathum Thani, 12120",weesuda.k@scgjwd.com,Weesuda Kamtone,0863377311,,https://halal.co.th/en/layout/images/noimage-product.jpg,Services
"Pacific Cold Storage Co.,Ltd.",Cold Storage Provider (Building No.2),101J7370040866,N/A,N/A,06/08/2025,"PACIFIC COLD STORAGE CO.,LTD.","47/19 MOO 2, NADEE, MUANG SAMUTSAKHON, SAMUTSAKHON, 74000, THAILAND., Na Di, Mueang Samut Sakhon, Samut Sakhon, 74000",tunyarat.p@pcs-plp.com,Miss Tunyarat Panyaworatip,091-8898543,Cold Storage Provider (Building No.2),https://halal.co.th/en/layout/images/noimage-product.jpg,Services
"Pacific Cold Storage Co.,Ltd.",Cold Storage Provider (Building No.3),101J7370050866,N/A,N/A,06/08/2025,"PACIFIC COLD STORAGE CO.,LTD.","47/19 MOO 2, NADEE, MUANG SAMUTSAKHON, SAMUTSAKHON, 74000, THAILAND., Na Di, Mueang Samut Sakhon, Samut Sakhon, 74000",tunyarat.p@pcs-plp.com,Miss Tunyarat Panyaworatip,091-8898543,Cold Storage Provider (Building No.3),https://halal.co.th/en/layout/images/noimage-product.jpg,Services
"Pacific Cold Storage Co.,Ltd.",Cold Storage Provider (Building No.6),101J7370060867,N/A,N/A,06/08/2025,"PACIFIC COLD STORAGE CO.,LTD.","47/19 MOO 2, NADEE, MUANG SAMUTSAKHON, SAMUTSAKHON, 74000, THAILAND., Na Di, Mueang Samut Sakhon, Samut Sakhon, 74000",tunyarat.p@pcs-plp.com,Miss Tunyarat Panyaworatip,091-8898543,Cold Storage Provider (Building No.6),https://halal.co.th/en/layout/images/noimage-product.jpg,Services
"Pacific Cold Storage Co.,Ltd.",Cold Storage Provider (Building No.8),101J7370020863,N/A,N/A,06/08/2025,"PACIFIC COLD STORAGE CO.,LTD.","47/19 MOO 2, NADEE, MUANG SAMUTSAKHON, SAMUTSAKHON, 74000, THAILAND., Na Di, Mueang Samut Sakhon, Samut Sakhon, 74000",tunyarat.p@pcs-plp.com,Miss Tunyarat Panyaworatip,091-8898543,Cold Storage Provider (Building No.8),https://halal.co.th/en/layout/images/noimage-product.jpg,Services
"Pacific Cold Storage Co.,Ltd.",Cold Storage Provider (Building No.9),101J7370030864,N/A,N/A,06/08/2025,"PACIFIC COLD STORAGE CO.,LTD.","47/19 MOO 2, NADEE, MUANG SAMUTSAKHON, SAMUTSAKHON, 74000, THAILAND., Na Di, Mueang Samut Sakhon, Samut Sakhon, 74000",tunyarat.p@pcs-plp.com,Miss Tunyarat Panyaworatip,091-8898543,Cold Storage Provider (Building No.9),https://halal.co.th/en/layout/images/noimage-product.jpg,Services
N/A,Cross border truck full truck load,102U0290031267,N/A,N/A,10/12/2025,Triple i Logistics Public Company Limited,"628 Triple i Building, Soi Klap Chom, Nonsee Road,, Yan Nawa, Bangkok 10120, Chong Nonsi, Khet Yan Nawa, Bangkok, 10120",wasawat@iii-logistics.com,Wasawat Jarubundit,0894649953,Halal logistics systems of Cross border full truck load.,https://halal.co.th/en/layout/images/noimage-product.jpg,Services
N/A,Food and beverage for patients,100S1480010166,N/A,N/A,30/04/2026,Nongjik Hospital,"223 No. 2, Tuyong, Nong Chik, Pattani, 94170",nutritionnj21301@gmail.com,Amina Hayeebueraheng,0872952167,Hospital halal food service,https://halal.co.th/en/layout/images/noimage-product.jpg,Services
N/A,Food and beverage service and Halal kitchen,100U4140010168,N/A,N/A,20/01/2026,ิbankwanhalal,"146 m.2 haoyrong kaoyoy, Huai Rong, Khao Yoi, Phetchaburi, 71640",ิbankwann8989@gmail.com,Lukkana Pratumtong,0622325219,,https://halal.co.th/en/layout/images/noimage-product.jpg,Services
N/A,Frozen Food Storage Service,101T4710011067,-,N/A,06/09/2025,"N.A.D.COLD STORAGE CO.,LTD.","25/2 Moo 4, Phimpha Subdistrict, Bang Pakong District, Chachoengsao 24180, Thailand, Phimpha, Bang Pakong, Chachoengsao, 24180",natanon.n@hotmail.com,์NATANON  NIAMDUANG,0985985393,Frozen Food Storage Service,https://halal.co.th/en/layout/images/noimage-product.jpg,Services
N/A,Halal,100U3910010468,N/A,N/A,28/03/2026,I-kitchen catering,"89/2 Moo.4 Sub-district Namom District Namom Songkhla 90310, Na Mom, Na Mom, Songkhla, 90310",dkt.hdy@gmail.com,wanna Intragool,0911682203,,https://halal.co.th/en/layout/images/noimage-product.jpg,Services
N/A,Halal  Restaurant,100S330010467,N/A,N/A,28/06/2026,HAADKAEOW GOLDEN SAND,"MOO.1, Ching Kho, Singhanakhon, Songkhla, 90280",kwang_prommana@hotmail.com,PATCHARAPRON,098-0170870,,https://halal.co.th/en/layout/images/noimage-product.jpg,Services
Delong garden,HALAL FOOD,100T8570011267,N/A,N/A,19/10/2025,Delong Garden,"205 Moo. 1, Tambon Nanode, Amphoe Muang, Phatthalung 93000, Thailand., Na Not), Mueang Phatthalung, Phatthalung, 93000",porndilok.kam@gmail.com,Porndilok Kamalatilaka,0841176892,HALAL FOOD,https://halal.co.th/en/layout/images/noimage-product.jpg,Services
-,Halal Food Kitchen,100B6890010853,N/A,N/A,20/10/2025,"CHIANGMAI SAKULCHAI COURT CO.,TH (HEAD OFFICE)","10 Soi: plubplung Huaykaew Rd., Tumbol.changpheuk District: Muang Province:Chiangmai Postal:code 50300, Chang Phueak, Mueang Chiang Mai, Chiang Mai, 50300",sakulchaiplace@gmail.com,Mattika,"053-211982,088-2581391,081-8822195",Halal Food Kitchen,https://halal.co.th/en/layout/images/noimage-product.jpg,Services
,Halal kichen,100A9400010550,-,N/A,06/12/2025,La-ngu hospital,"194  หมู่  6, Kamphaeng, La-ngu, Satun, 91110",reenaa9718@gmail.com,Reena Podam,074-773568 # 114,-,https://halal.co.th/en/layout/images/noimage-product.jpg,Services
RuenMorakotRestaurant,Halal kitchan,100T8350011167,N/A,N/A,01/11/2025,Ruenmorakot,"32/5 Village No. 2, Khlong Thom Nuea, Khlong Thom, Krabi 81120, Thailand., Khlong Thom Nuea, Khlong Thom, Krabi, 81120",jtecs.nm8206@gmail.com,Namfon Saeoong,0932498448,,https://halal.co.th/en/layout/images/noimage-product.jpg,Services
N/A,HALAL KITCHEN,1008040010346,-,N/A,03/09/2025,"CENTRAL SUKHONTHA HOTEL CO.,LTD","3 SANEHANUSORN RD., HAT YAI, SONGKHLA, 90110 THAILAND., Hat Yai, Hat Yai, Songkhla, 90110",saleschy@chr.co.th,-,"074-352222 # 2716 , 089-6579782",,https://halal.co.th/en/layout/images/noimage-product.jpg,Services
,HALAL KITCHEN,100A9200010850,N/A,N/A,29/08/2026,"BANGKOK AIR CATERING CO., LTD.","888  Moo 1, Tambon Nongprue, Amphur Bangplee, Samutprakarn,  10540 Thailand., Nong Prue, Bang Phli, Samut Prakan, 10540",yongyos@bangkokaircatering.com,ํYongyos Cheurthai,0-2131-7500  # 8600,,https://halal.co.th/en/layout/images/noimage-product.jpg,Services
N/A,Halal Kitchen,100A9790010151,N/A,N/A,31/12/2026,THAI AIRWAYS INTERNATIONAL PUBLIC COMPANY LIMITED.,"89  VIBHAVADI RANGSIT ROAD,CHOMPHON SUP-DISTRICT,CHATUCHAK DISTRICT,BANGKOK 10900 THAILAND., Chom Phon, Khet Chatuchak, Bangkok, 10900",kitiya.v@thaiairways.com,Ms.Kitiya Vanphen,"02-592-1172 , 0815527004",,https://halal.co.th/en/layout/images/noimage-product.jpg,Services
-,HALAL KITCHEN,100B0690010351,N/A,N/A,11/04/2026,AONANG PRINCEVILLE RESORT & SPA,"164  MOO 2, AO  NANG, MUANG,  KRABI 81180, THAILAND., Ao Nang, Mueang Krabi, Krabi, 81180",hr@aonangprinceville.com,Vararat Namnapol,075-637971-3,,https://halal.co.th/en/layout/images/noimage-product.jpg,Services
,HALAL KITCHEN,100B1060010551,N/A,N/A,26/04/2026,PHUKET FANTASEA PUBLIC COMPANY LIMITED.,"99 M. 3, KAMALA, KATHU, PHUKET, 83150 THAILAND., Kamala, Kathu, Phuket, 83150",pr@phuketfantasea.fun,Paweena Siemsorn,076-385000,HALAL KITCHEN,https://halal.co.th/en/layout/images/noimage-product.jpg,Services
-,HALAL KITCHEN,100B1370010851,N/A,N/A,14/03/2026,"HATYAI HANSA PLAZA CO.,LTD. (HANSA JB HOTEL)","99 JOOTEE-ANUSORN RD., HAT YAI, SONGKHLA 90110, THAILAND., Hat Yai, Hat Yai, Songkhla, 90110",,Ms. Prapassorn Chansuwan,074-234301-9,HALAL KITCHEN,https://halal.co.th/en/layout/images/noimage-product.jpg,Services
-,HALAL KITCHEN,100B1500010951,N/A,N/A,04/10/2025,Starin group limited partnership,"169 Yatrasawasdee st.,, Phiman, Mueang Satun, Satun, 91000",starinofficial@gmail.com,Suchada Sataman,081-8988481,,https://halal.co.th/en/layout/images/noimage-product.jpg,Services
B.P. GROUP OF HOTEL.,HALAL KITCHEN,100B1540010851,N/A,N/A,14/03/2026,B.P. GROUP OF HOTEL.,"74  SANEHANUSORN ROAD., HAADYAI, SONGKHLA, 90110 THAILAND., Hat Yai, Hat Yai, Songkhla, 90110",bpgrandtower_hatyai@hotmail.com,,0805234777,,https://halal.co.th/en/layout/images/noimage-product.jpg,Services
-,HALAL KITCHEN,100B2100011151,N/A,N/A,23/02/2026,Halal Kitchen Paradise Hotel .,"99 Soi Lean Anusorn, Raj-U-Thid Rd., Hatyai, Songkhla, 90110  Thailand., Hat Yai, Hat Yai, Songkhla, 90110",hatyaiparadise2008@hotmail.com,Thanawat Madsaman,086-9595270,HALAL KITCHEN,https://halal.co.th/en/layout/images/noimage-product.jpg,Services
,HALAL KITCHEN,100B2440011251,N/A,N/A,06/09/2025,-,"Khuan Sato, Khuan Don, Satun, 91160",na_na117@hotmail.com,-,074-795066-136,,https://halal.co.th/en/layout/images/noimage-product.jpg,Services
-,HALAL KITCHEN,100B2450011251,N/A,N/A,31/01/2026,-,"Tha Phae, Tha Phae, Satun, 91150",Jantarika4871@gmail.com,-,074-787442  # 4,,https://halal.co.th/en/layout/images/noimage-product.jpg,Services
,HALAL KITCHEN,100B2460011251,N/A,N/A,02/08/2025,-,"Thung Wa, Thung Wa, Satun, 91120",Nusreena.t@rmutsvmail.com,-,074-789165-6,,https://halal.co.th/en/layout/images/noimage-product.jpg,Services
,HALAL KITCHEN,100B2470011251,N/A,N/A,27/02/2026,,"Khuan Kalong, Khuan Kalong, Satun, 91130",-,-,081-7480325,,https://halal.co.th/en/layout/images/noimage-product.jpg,Services
-,Halal Kitchen,100C7810010956,N/A,N/A,13/09/2025,Sirindhorn Hospital,"20 Lane Onnut 90, Prawet, Prawet, Bangkok 10250, Thailand., Prawet, Khet Prawet, Bangkok, 10250",sia.klinchuen@gmail.com,Sirada,0-2328-6903-13 ext. 17714,Halal Kitchen,https://halal.co.th/en/layout/images/noimage-product.jpg,Services
-,HALAL KITCHEN,100C9180011056,N/A,N/A,11/09/2025,"Old Chiangmai Cultural Conservation Co.,Ltd.","185/3 Wualai Rd., Haiya, Muang, Chiangmai 50100, Thailand., Haiya, Mueang Chiang Mai, Chiang Mai, 50100",fbm@oldchiangmai.com,Mr.Tanabat,053202992,,https://halal.co.th/en/layout/images/noimage-product.jpg,Services
Phuket Air Catering,HALAL KITCHEN,100D0370011156,N/A,N/A,04/11/2025,"Phuket Air Catering Co.,LTD.","10/3 Moo. 6, Airport Road , Maikao Sub-district, Talang District , Phuket 83110. THAILAND, Mai Khao, Thalang, Phuket, 83110",quality.control.office@pacco.co.th,Anusara,0835019329,HALAL KITCHEN,https://halal.co.th/en/layout/images/noimage-product.jpg,Services
Krabi Front Bay Resort,HALAL KITCHEN,100D9410010658,N/A,N/A,01/01/2026,KRABI FRONT BAY RESORT.,"140/1 MOO 7, TAMBON SAITHAI, MUANG TOWN, KRABI  81000 THAILAND., Sai Thai, Mueang Krabi, Krabi, 81000",ap@krabifrontbayresort.com,kedsara,075-626777,HALAL KITCHEN,https://halal.co.th/en/layout/images/noimage-product.jpg,Services
-,Halal Kitchen,100E7030010259,N/A,N/A,04/09/2025,R็egional Health Promotion Center 12 Yala Hospital,"95 Tedsaban1 Rd. Sateng Muang Yala 95000, Sateng, Mueang Yala, Yala, 95000",kuhameedah798@gmail.com,Kuhameedah  Satthapu,0846326090,,https://halal.co.th/en/layout/images/noimage-product.jpg,Services
,HALAL KITCHEN,100E7380010359,N/A,N/A,01/12/2025,BAN  SAINAI  RESORT,"550 MOO 2, AONANG, MUANG, KRABI 81180, THAILAND, Ao Nang, Mueang Krabi, Krabi, 81180",,,075 - 819333 - 39,,https://halal.co.th/en/layout/images/noimage-product.jpg,Services
Mastery,HALAL KITCHEN,100G2730010460,N/A,N/A,16/04/2026,"MASTERY PHUKET CO., LTD.","23/1 SAKDIDEJ ROAD, TALAT NUEA, MUEANG, PHUKET  83000  THAILAND, Talat Nuea, Mueang Phuket, Phuket, 83000",,,086 - 8817181,,https://halal.co.th/en/layout/images/noimage-product.jpg,Services
Ayuthha,Halal Kitchen,100G8350011060,N/A,N/A,10/11/2025,-,"Pratu Chai, Phra Nakhon Si Ayutthaya, Phra Nakhon Si Ayutthaya, 13000",-,-,035-322555  ต่อ 7330,,https://halal.co.th/en/layout/images/noimage-product.jpg,Services
,Halal Kitchen,100H0390011160,N/A,N/A,31/08/2026,Riverpattani Hotel,"113/3 Rong-Ang Rd., Sabarang, Mueang Pattani, Pattani, 94000",riverhotelpattani@gmail.com,Miss Supattana Kaimook,073 - 323333,"Request to change the name of the hotel from River Living Place Hotel to be 
River Hotel Pattani",https://halal.co.th/en/layout/images/noimage-product.jpg,Services
GOURMET PRIMO,HALAL KITCHEN,100H0970011160,N/A,N/A,03/11/2025,"GOURMET PRIMO CO., LTD.","129 SUKAPIBAN 2 ROAD, DOK MAI, PRAVET, BANGKOK 10250, THAILAND., Dokmai, Khet Prawet, Bangkok, 10250",thanaphan@gourmetprimo.com,Mr.Thanaphan Khuntaramalee,0-2328-5997 ext.5551,HALAL KITCHEN,https://halal.co.th/en/layout/images/noimage-product.jpg,Services
-,HALAL KITCHEN,100H9600010161,N/A,N/A,04/01/2026,Ton Reataurant,"555/5 Moo 5, Saeng Arun, Thap Sakae, Prachuap Khiri Khan 77130, Thailand., Saeng Arun, Thap Sakae, Prachuap Khiri Khan, 77130",,-,-,HALAL KITCHEN,https://halal.co.th/en/layout/images/noimage-product.jpg,Services
,HALAL KITCHEN,100I7680011261,-,N/A,24/11/2025,"Siam Southern Co.,Ltd. (Siam Oriental Hotel)","181 Sripoovanart Road, Hatyai Sub-district, Hatyai District, Songkhla Province 90110 Thailand, Hat Yai, Hat Yai, Songkhla, 90110",,-,074 - 234707-8,,https://halal.co.th/en/layout/images/noimage-product.jpg,Services
ZamZam at Starz Diner,HALAL KITCHEN,100J5760010662,-,N/A,14/10/2025,"Seaside Hotel (Thailand) Co., Ltd. (C/O Hard Rock Hotel Pattaya)","Hard Rock Hotel Pattaya
429 Moo 9, Pattaya Second Rd., Nongprue, Banglamung, Chonburi 20150, Thailand., Nong Prue, Bang Lamung, Chon Buri, 20150",marut.s@hardrockhotels.net,Mr. Marut Srisupapol,"085-3057575, 038-428755-9 # 8006",HALAL KITCHEN,https://halal.co.th/en/layout/images/noimage-product.jpg,Services
CHOEI,HALAL KITCHEN,100J9180010862,N/A,N/A,12/08/2025,"Y'S WORLD CO.,LTD.","187/24 CHANG KHLAN RD., MUANG CHIANG MAI DISTRICT,  CHIANG MAI 50100 THAILAND, Chang Khlan, Mueang Chiang Mai, Chiang Mai, 50100",chonlawanj@cpd.co.th,-,"062-3108639, 053-819079 #222",HALAL KITCHEN,https://halal.co.th/en/layout/images/noimage-product.jpg,Services
-,HALAL KITCHEN,100K6770010263,N/A,N/A,07/02/2026,,"Khok Kloi, Takua Thung, Phangnga, 82140",,,094-5966256,HALAL KITCHEN,https://halal.co.th/en/layout/images/noimage-product.jpg,Services
Bluebird brasserie,Halal Kitchen,100L4480010963,-,N/A,05/08/2025,-,"Ano Ru, Mueang Pattani, Pattani, 94000",pritty_pinky_pink@gmail.com,-,0950651655,Halal Kitchen,https://halal.co.th/en/layout/images/noimage-product.jpg,Services
-,HALAL KITCHEN,100L6150011063,N/A,N/A,23/11/2025,"Southern Airport Co., Ltd.","2129  Moo.6, Airport-Lopburirames Road, Kuanlang district, Hatyai, Songkhla 90110 Thailand, Khuan Lang, Hat Yai, Songkhla, 90110",,,,HALAL KITCHEN,https://halal.co.th/en/layout/images/noimage-product.jpg,Services
N/A,halal kitchen,100L7080011163,N/A,N/A,28/02/2026,Sukhirinhospital,"Mamong, Sukhirin, Narathiwat, 96190",amitra.44605@gmail.com,-,-,,https://halal.co.th/en/layout/images/noimage-product.jpg,Services
N/A,HALAL KITCHEN,100P0350010565,N/A,N/A,11/04/2026,Purana resort kohyao noi,"9/9 Moo 7,Ko Yao Noi sub district, Ko Yao district, Phang-nga 82160, Thailand., Ko Yao Noi, Ko Yao, Phangnga, 82160",rsvn.puranahotel@gmail.com,Sopa Inthano,0652208999,HALAL KITCHEN,https://halal.co.th/en/layout/images/noimage-product.jpg,Services
"Mom Cuisine co.,Ltd",Halal Kitchen,100P6450010965,N/A,N/A,03/09/2025,Namneung Leelawat,"247/2 Pattalung Rd., Tubtiang, Trang 92000, Thailand., Thap Thiang, Mueang Trang, Trang, 92000",nammyleelawat@gmail.com,Namneung Leelawat,0869459781,Halal Kitchen,https://halal.co.th/en/layout/images/noimage-product.jpg,Services
N/A,halal kitchen,100Q0740011165,N/A,N/A,05/01/2026,Lae pha cafe,"Phatong, Hat Yai, Songkhla, 90230",Laepha2565@gmail.com,-,088-3922276,-,https://halal.co.th/en/layout/images/noimage-product.jpg,Services
N/A,Halal Kitchen,100Q2220011165,-,N/A,23/10/2025,Carnival Magic Company Limited,"999 Moo 3, Kamala, Kathu, Phuket 83150, Thailand., Kamala, Kathu, Phuket, 83150",info@carnivalmagic.fun,-,076385222,"Halal Kitchen, Bird of Paradise Buffet Restaurant",https://halal.co.th/en/layout/images/noimage-product.jpg,Services
N/A,Halal Kitchen,100Q4330010166,N/A,N/A,02/06/2026,"Chareena Hill Beach Resort Co.,LTD","448,  Moo 7,  Koh Sarai Subdistrict, Mueang District, Satun Provinnce,  91000, Ko Sarai, Mueang Satun, Satun, 91000",chareenahill@gmail.com,Nureena Madtong,0935754637,,https://halal.co.th/en/layout/images/noimage-product.jpg,Services
"RX WELLNESS CO., LTD.",Halal Kitchen,100Q5340010166,N/A,N/A,22/01/2026,"RX WELLNESS CO., LTD.","28/8 Moo 9 Bang Nam Phueng Subdistrict, Phra Pradaeng District, Samut Prakarn 10130, Bang Namphueng, Phra Pradaeng, Samut Prakan, 10130",phattrapan_ta@rakxawellniss.com,Phattrapan Tanapong,0824593482,Halal Kitchen,https://halal.co.th/en/layout/images/noimage-product.jpg,Services
N/A,HALAL KITCHEN,100Q9190010366,N/A,N/A,23/02/2026,"Siam Niramit (Phuket) Co.,Ltd.","55/81 Moo 5, Rasada, Muang, Phuket 83000 
 Thailand, Ratsada, Mueang Phuket, Phuket, 83000",-,-,-,HALAL KITCHEN,https://halal.co.th/en/layout/images/noimage-product.jpg,Services
The Executive Lounge (Thailand),Halal Kitchen,100R1110010566,N/A,N/A,21/11/2025,"The Executive Lounge (Thailand) Co., Ltd.","222 Moo 6, T.Maikhao, A.Thalang, Phuket 83110, Mai Khao, Thalang, Phuket, 83110",Salesco@coralthailand.com,Patcharin Klubsong,0809666541,,https://halal.co.th/en/layout/images/noimage-product.jpg,Services
N/A,Halal kitchen,100R1870010666,-,N/A,29/08/2025,Thepha hospital,"207 Moo 5 Rd.Lampai-thepha sud-area. Thepha area. Thepha Songkhla province 90150, Thepha, Thepha, Songkhla, 90150",Siriyapon.nd@gmail.com,Siriyapon Rongdech,0943159941,-,https://halal.co.th/en/layout/images/noimage-product.jpg,Services
"VACATION SONGKHLA CO.,LTD (HALAL KITCHEN)",HALAL KITCHEN,100R3690010766,N/A,N/A,29/08/2025,"VACATION SONGKHLA CO.,LTD","3 CHALATHAT RD., BO YANG, MUEANG SONGKHLA, SONGKHLA, 90000, Bo Yang, Mueang Songkhla, Songkhla, 90000",THEBEDV.SALE@GMAIL.COM,PHATTARAPORN SUKMEE,082-2331149,-,https://halal.co.th/en/layout/images/noimage-product.jpg,Services
-,Halal Kitchen,100R8960011066,N/A,N/A,31/08/2025,"VATTANA PARK HOTEL CO.,LTD.","315/7 Huai Yot Road, Thap Thiang Subdistrict, Mueang Trang District, Trang 92000, Thailand., Thap Thiang, Mueang Trang, Trang, 92000",,-,"075-216816, 075-216111",Halal Kitchen,https://halal.co.th/en/layout/images/noimage-product.jpg,Services
-,Halal Kitchen,100R9030011066,N/A,N/A,30/09/2025,-,"25/47, Thap Thiang, Mueang Trang, Trang, 92000",,-,061-7482221,Halal Kitchen,https://halal.co.th/en/layout/images/noimage-product.jpg,Services
N/A,halal kitchen,100S7240010467,N/A,N/A,31/01/2026,"Cervidae Co,.Ltd.","189, Moo5, Nong Trut, Mueang Trang, Trang 92000, Thailand., Nong Trut, Mueang Trang, Trang, 92000",farmandforest@cervidae.co.th,Mr.Thanyakorn Petin,095 256 9172,,https://halal.co.th/en/layout/images/noimage-product.jpg,Services
N/A,Halal KITCHEN,100T0350010767,N/A,N/A,28/06/2026,I-kitchen catering,"89/2 Moo.4 Sub-district Namom District Namom Songkhla 90310, Na Mom, Na Mom, Songkhla, 90310",dkt.hdy@gmail.com,wanna Intragool,0911682203,,https://halal.co.th/en/layout/images/noimage-product.jpg,Services
Red Kichen,Halal Kitchen,100T3100010867,N/A,N/A,22/08/2025,Red Crocodile Hotel,"998 Moo 10, Soi Bearing 34, Sukhumvit 107 Rd. T.Samrongnua, A.Muang, Samutprakarn 10270 Thailand, Samrong Nuea, Mueang Samut Prakan, Samut Prakan, 10270",sales_mgr@koonhotel.com,จัดซื้อ,0972789378,,https://halal.co.th/en/layout/images/noimage-product.jpg,Services
N/A,HALAL KITCHEN,100T4860010967,N/A,N/A,01/09/2025,Thai Airways International Public Company Limited,"180 Moo.5 Tambon.Nueaklong Nueaklong District, Krabi International Airport Krabi 81130 Thailand, Nuea Khlong, Nuea Khlong, Krabi, 81130",angkana.s@thaiairways.com,Ms.Angkana Suwanmanee,0954199147,HALAL KITCHEN,https://halal.co.th/en/layout/images/noimage-product.jpg,Services
Beyond Skywalk Nangshi,Halal Kitchen,100T5180011067,N/A,N/A,22/09/2025,Kata Group,"9/1 M.2 T.Khlong Khian A.Takua Thung Phangnga 82130, Khlong Khian, Takua Thung, Phangnga, 82130",chef-bsky@katagroup.com,Anurak Ketprathum,0839187339,,https://halal.co.th/en/layout/images/noimage-product.jpg,Services
N/A,Halal Kitchen,100T7170011167,N/A,N/A,17/09/2025,Audit Cafe,"234 M.4, Tha Sak, Mueang Nakhon Si Thammarat, Nakhon Si Thammarat 80000, Thailand., Tha Sak, Mueang Nakhon Si Thammarat, Nakhon Si Thammarat, 80000",Auditcafe2020@gmail.com,Chanin Thongklang,0887681198,,https://halal.co.th/en/layout/images/noimage-product.jpg,Services
N/A,Halal Kitchen,100T8380011167,N/A,N/A,15/10/2025,"Bangkok Air Catering Phuket CO.,LTD.","138 Moo 1, Sakhu, Thalang, Phuket 83110, Thailand., Sakhu, Thalang, Phuket, 83110",pijitrainsri@gmail.com,Ms.Pijitra Insrithong,0994299066,,https://halal.co.th/en/layout/images/noimage-product.jpg,Services
Mallika R.E.124,Halal Kitchen,100T8920011267,N/A,N/A,10/12/2025,Mallika R.E.124,"168 Moo.5 Sing Subdistrict, Sai Yok District Kanchanaburi 71150, Sing, Sai Yok, Kanchanaburi, 71150",info@mallika124.com,Miss Nanphat Khlongsrisook,0655875916,,https://halal.co.th/en/layout/images/noimage-product.jpg,Services
Little Bonce Kids Café,HALAL KITCHEN,100T9290010168,N/A,N/A,05/01/2026,BigBon Family Ltd.,"26 Soi Tong Wong Autid, Hat Yai Subdistrict, Hat Yai District, Songkhla Province 90110, Hat Yai, Hat Yai, Songkhla, 90110",pui.supapornja@gmail.com,Supaporn Jantamas,084-7470089,,https://halal.co.th/en/layout/images/noimage-product.jpg,Services
TERBILANG,Halal Kitchen,100T9570040168,N/A,N/A,06/12/2025,TERBILANG,"501 Moo 2 T.Jehbilang A.Mueang Satun Province Thailand 91000, Che Bilang, Mueang Satun, Satun, 91000",ratchanee_den@hotmail.com,Mrs.Ratchanee Denkanjanasak,0822652157,,https://halal.co.th/en/layout/images/noimage-product.jpg,Services
Checkinandaman,HALAL KITCHEN,100U0230010268,N/A,N/A,07/01/2026,"Checkinandaman Co., Ltd.","60/111 Moo 5, Lam Kaen, Thai Mueang, Phang Nga 82120, Thailand., Lam Kaen, Thai Mueang, Phangnga, 82120",hr@checkinandaman.com,-,081 - 8944244,HALAL KITCHEN,https://halal.co.th/en/layout/images/noimage-product.jpg,Services
-,HALAL KITCHEN,100U2160010368,N/A,N/A,09/02/2026,BEST RAFTING COMPANY LIMITED,"56 M.8 Noppring Muang Phang Nga, Phangnga, 82000, Nop Pring, Mueang Phang-nga, Phangnga, 82000",Nui.chonlakhet@gmail.com,Uraiwan Chonlakhet You,089-7242749,HALAL KITCHEN,https://halal.co.th/en/layout/images/noimage-product.jpg,Services
N/A,Halal Kitchen,100U5300010568,N/A,N/A,12/05/2026,"SOMPORN PANICH ENTERPRISE CO.,LTD.","195/3, Soi Wat Phakhininat, Ratchawithi Road, Bang Yi Khan, Bang Phlat, Bangkok 10700, Thailand, Bang Yi Khan, Khet Bang Phlat, Bangkok, 10700",riversidecruise03@gmail.com,Rois Wongsangiam,0993600087,Prepared ready-to-eat meals,https://halal.co.th/en/layout/images/noimage-product.jpg,Services
-,"Halal Kitchen "" Golden Tulip Sovereign Hotel-Bangkok """,100E2080010758,N/A,N/A,03/08/2025,"SETTHATHANANUN CO.,LTD.","92 SOI SAENGCHAM, RAMA 9 ROAD, BANGKAPI, HUAYKWANG, BANGKOK, 10310 THAILAND., Bang Kapi, Khet Huai Khwang, Bangkok, 10310",sec.fb@gtsbkk.com,Mr. Rattawan Patcharanicharoen,0643614265,"Halal Kitchen "" Golden Tulip Sovereign Hotel-Bangkok """,https://halal.co.th/en/layout/images/noimage-product.jpg,Services
-,"Halal Kitchen ""Bangkok Hospital""",100L2850010863,N/A,N/A,07/08/2025,"BAC GOURMET HOUSE CO., LTD.","BANGKOK HOSPITAL 5 SOI SOONVIJAI 5, NEW PETCHBURI ROAD, BANGKAPI, HUAYKWANG, BANGKOK 10310, THAILAND., Bang Kapi, Khet Huai Khwang, Bangkok, 10310",maythasit@gourmethouse.co.th,-,098-270-3631,"Halal Kitchen ""Bangkok Hospital""",https://halal.co.th/en/layout/images/noimage-product.jpg,Services
N/A,"Halal Kitchen ""Nour Restaurant The Nature Phuket""",100T7630011167,N/A,N/A,21/10/2025,"Tharaphuree Co.,Ltd","322 Prabaramee Rd., Patong, Kathu, Phuket 83150, Thailand., Pa Tong, Kathu, Phuket, 83150",siriporn.s@thenaturephuket.com,Siriporn  Salika,076-681789,,https://halal.co.th/en/layout/images/noimage-product.jpg,Services
Royal Phuket City Hotel,"HALAL KITCHEN ""ROYAL RESTAURANT (FLOOR 1)""",100T3830010967,N/A,N/A,01/09/2025,"C.B. PROPERTY CO., LTD. (Royal Phuket City Hotel)","154 Phang-Nga Road, Muang, Phuket 83000, Thailand.",saowanee.h@royalphuketcity.com,Ms.Saowanee Homsud,076-233 333,,https://halal.co.th/en/layout/images/noimage-product.jpg,Services
N/A,"HALAL KITCHEN ""SHORE KITCHEN AND GRILL""",100T6850011167,N/A,N/A,21/10/2025,"K.W.Development Co.,Ltd. (Hotel Clover Patong Phuket)","162/8-11 Taweewong Road,Patong Kathu, Phuket 83150 Thailand, Pa Tong, Kathu, Phuket, 83150",dos@hotelcloverpatong.com,Saowalak Thabthim,076685088,,https://halal.co.th/en/layout/images/noimage-product.jpg,Services
Bangkok Hospital Phuket,Halal Kitchen Bangkok Phuket Hospital,100U4170010468,N/A,N/A,13/03/2026,"FOODHOUSE CATERING SERVICES CO., LTD.","234  SOI SUKHUMVIT 101 (PUNNAVITHI), BANG CHAK, PHRA KHANONG, BANGKOK 10260, THAILAND., Bang Chak, Khet Phra Khanong, Bangkok, 10260",Varareepa@pcs.co.th,-,-,Providing ready-to-eat meals for general/specific patients and A La Cart in Bangkok and Phuket hospitals that are Muslim.,https://halal.co.th/en/layout/images/noimage-product.jpg,Services
PADIO KRABI,HALAL KITCHEN PADI-O KRABI,100R4630010866,N/A,N/A,01/08/2025,PADI-O KRABI,"689 m.1 Phetchkasem Rd., Khao Khram, Mueang Krabi, Krabi 81000, Thailand., Khao Khram, Mueang Krabi, Krabi, 81000",padiobua058@gmail.com,BUAMAS SUWANPHAYAK,0935791050,,https://halal.co.th/en/layout/images/noimage-product.jpg,Services
RXV Kitchen,Halal Kitchen RXV Kitchen,100S9970010767,N/A,N/A,01/07/2026,RX Wellness COMPANY LIMITED,"88 Moo 2 Yaicha Sub-District, Sampran District, Nakhon Pathom, Thailand., Yai Cha, Sam Phran, Nakhon Pathom, 73110",admin_fb@rxvwellness.com,Thanyaluk Kullikhitkusol,0914485582,Halal Kitchen,https://halal.co.th/en/layout/images/noimage-product.jpg,Services
-,Halal Kitchen Samitivej Srinakarin Hospital,100J942010962,-,N/A,06/09/2025,"FOODHOUSE CATERING SERVICES CO., LTD.","234  SOI SUKHUMVIT 101 (PUNNAVITHI), BANG CHAK, PHRA KHANONG, BANGKOK 10260, THAILAND., Bang Chak, Khet Phra Khanong, Bangkok, 10260",Varareepa@pcs.co.th,-,-,Halal Kitchen Samitivej Srinakarin Hospital,https://halal.co.th/en/layout/images/noimage-product.jpg,Services
N/A,"Halal Kitchen, Pak Phayun Hospital",100T8390010967,N/A,N/A,31/08/2025,Pakphayun hospital,"956 Moo 1, Pak Phayun, Pak Phayun, Phatthalung 93120, Thailand., Pak Phayun, Pak Phayun, Phatthalung, 93120",nasareen3697@hotmail.com,์Nasreen  Hasen,0892938332,,https://halal.co.th/en/layout/images/noimage-product.jpg,Services
Coconut Beach Resort & Spa,HALAL RESTAURANT,100K1930010862,N/A,N/A,01/09/2025,Coconut Beach Resort & Spa Limited Partnership,"17/5  Moo 4, Koh Chang, Koh Chang, Trat  23170  Thailand, Ko Chang, Ko Chang, Trat, 23170",coconutkohchang2@gmail.com,Alisa Rattanon,0819493838,HALAL RESTAURANT,https://halal.co.th/en/layout/images/noimage-product.jpg,Services
-,HALAL RESTAURANT,100M7450010764,N/A,N/A,23/11/2025,-,"Hat Yai, Hat Yai, Songkhla, 90110",sushiann1718@gmail.com,-,097-73450868,HALAL RESTAURANT,https://halal.co.th/en/layout/images/noimage-product.jpg,Services
Saitharn Iyara Resort,Halal Restaurant,100T3670010967,N/A,N/A,01/09/2025,"Western Land Co.,Ltd. (Saitharn Iyara Resort)","5/9 Moo 4, Lum Sum, Sai Yok, Kanchanaburi, 71150 Thailand., Lum Sum, Sai Yok, Kanchanaburi, 71150",iyara.saiyok@gmail.com,Wasna Chansutti,091-8713663,Halal Restaurant,https://halal.co.th/en/layout/images/noimage-product.jpg,Services
N/A,HALAL RESTAURANT,100T6900011167,N/A,N/A,01/10/2025,De'Fish Seafood Restaurant by Aonang Fiore Resort,"764 Moo 2 Aonang, Muang, Krabi 81180, Thailand., Ao Nang, Mueang Krabi, Krabi, 81180",hrm@aonangfiore.com,Ms. Kesarin Kwanpor,0899989864,HALAL RESTAURANT,https://halal.co.th/en/layout/images/noimage-product.jpg,Services
-,"HALAL RESTAURANT ""JEERAPAN""",100I8840010162,N/A,N/A,04/01/2026,"JEERAPAN CORPORATION CO., LTD.","39/74 SOI KHEHA ROM KLAO 82, RAT PHATTHANA, SAPHANSUNG DISTRICT, BANGKOK 10240, THAILAND, Rat Phatthana, Khet Saphan Sung, Bangkok, 10240",,,,"HALAL RESTAURANT ""JEERAPAN""",https://halal.co.th/en/layout/images/noimage-product.jpg,Services
N/A,"HALAL RESTAURANT ""SOPHIA RESTAURANT""",100J0510011161,-,N/A,02/11/2025,"SOPHIA CATERING CO., LTD.","1, SOI RAMKHAMHAENG 5 (RIFAEE), RAMKHAMHAENG ROAD, SUAN-LUANG, BANGKOK 10250, THAILAND., Suan Luang, Khet Suan Luang, Bangkok, 10250",,-,0-2314-0039,"HALAL RESTAURANT ""SOPHIA RESTAURANT""",https://halal.co.th/en/layout/images/noimage-product.jpg,Services
Yana Restaurant,"Halal Restaurant ""Yana Restaurant""",100D7360010158,N/A,N/A,04/09/2026,"YANA GROUP CO., LTD.","MBK CENTER, 444 SOI MBK-5A-05, PHAYATHAI ROAD, WANGMAI, PATHUMWAN, BANGKOK 10330, THAILAND., Wang Mai, Khet Pathum Wan, Bangkok, 10330",yana.mbk@gmail.com,-,-,"Halal Restaurant ""Yana Restaurant""",https://halal.co.th/en/layout/images/noimage-product.jpg,Services
N/A,Hotel & HALAL FOOD,100U1080010268,-,N/A,10/02/2026,"WD Property (2018 ) Co.,Ltd","55/6 Banphanthom Alley, Ban Phan Thom, Pra Sumen Road, Ban Phan Thom, Phra Nakhon, Bangkok 10200, Thailand, Ban Phan Thom, Khet Phra Nakhon, Bangkok, 10200",gm@lilithotel.com,Oliver Suvantamee,0948786236,Hotel & HALAL FOOD,https://halal.co.th/en/layout/images/noimage-product.jpg,Services
N/A,La Falaise Resturant,100R9600011066,N/A,N/A,01/10/2025,AONANG PHUPIMAAN RESORT &SPA,"86/8  M.2, Ao Nang, Mueang Krabi, Krabi 81180, Thailand., Ao Nang, Mueang Krabi, Krabi, 81180",ac@aonangphupimaam.com,narumol boottea,0610185658,,https://halal.co.th/en/layout/images/noimage-product.jpg,Services
์Na Mi Chay Cafe & Restaurant,Na Mi Chay Cafe & Restaurant,100T3880010967,N/A,N/A,01/09/2025,"Venice Krabi Co.,Ltd","478 Moo5 T.Saithai Muang Krabi, Sai Thai, Mueang Krabi, Krabi, 81000",gm@venicekrabi.com,Thitichaya Rattanadilok Na Phuket,0641947998,,https://halal.co.th/en/layout/images/noimage-product.jpg,Services
N/A,Packing Process,101Q2180021165,N/A,N/A,21/11/2025,"SRIMUANGWAREHOUSE CO.,LTD.","679/1 M. 1 Bang Pu Mai Subdistrict, Mueang Samut Prakan District, Samut Prakan, 10280 Thailand., Bang Pu Mai, Mueang Samut Prakan, Samut Prakan, 10280",srimuangwarehouse@gmail.com,Ms. Pornnapha Ponkaew,02 225 1961,,https://halal.co.th/en/layout/images/noimage-product.jpg,Services
N/A,Park Cafe,100S3110010267,N/A,N/A,03/01/2026,Park Cafe,"21/1 Ruammit Rd., Sateng, Mueang Yala, Yala, 95000",ืnornzabank@hotmail.com,Anussara Lakkunakorn,0896589139,Selling Food and beverages,https://halal.co.th/en/layout/images/noimage-product.jpg,Services
N/A,Prepared and ready-to-eat food,100S5750010367,N/A,N/A,04/03/2026,"CHORMALEE BISTRO CO.,LTD","Terminal 21 4 Floor, 88 Sukhumvit Soi 19 (Wattana) Sukhumvit Rd., Khlong Toei Nuea, Khet Watthana, Bangkok, 10110",finance@amdangtyphoon.com,MR.WANCHAI SOMMON,0830126366,,https://halal.co.th/en/layout/images/noimage-product.jpg,Services
-,Prepared and ready-to-eat food,100T3480010867,N/A,N/A,04/08/2025,Meat Lover (Fareeda  Talabpetch),"27/8 Moo 2 , Khok Faet , Nong Chok , Bangkok 10530, Thailand., Khok Faet, Khet  Nong Chok, Bangkok, 10530",,-,098-0160779,,https://halal.co.th/en/layout/images/noimage-product.jpg,Services
Pranakorn Patthai and Thaifood,Prepared and ready-to-eat food,100T8690011167,N/A,N/A,11/11/2025,PRANAKORN PADTHAI AND THAIFOOD (THANTANUT POONWATTANAPAT),"33/14 Chareunkrung107 Charoen Krung Road, Bang Kho Laem, Bang Kho Laem, Bangkok 10120, Thailand, Bang Kho Laem, Khet Bang Kho Laem, Bangkok, 10120",Thantanut8@gmail.com,Thantanut Poonwattanapat,099-6293849,,https://halal.co.th/en/layout/images/noimage-product.jpg,Services
Ruenpornpukdee,"Prepared and ready-to-eat food, Ruenpornpukdee Kitchen",100T6690011167,N/A,N/A,11/11/2025,"PKT ENGINEERING & BUSINESS CO.,LTD.","9/1 Kanjanapisak Road, Bang Bon Tai, Bang Bon, Bangkok 10150, Thailand., Khet Bang Bon, Bangkok, 10150",yah.kes@gmail.com,Miss Kessiri niyom,0818743348,,https://halal.co.th/en/layout/images/noimage-product.jpg,Services
N/A,Prepared food ready to eat,100U5340010568,-,N/A,12/05/2026,"Kad Kokoa Co., Ltd.","1076 Soi Suanplu, South Sathorn Road, Thung Mahamek, Sathorn, Bangkok 10120, Thailand., Thung Maha Mek, Khet Sathon, Bangkok, 10120",narn.ekaman@kadkokoa.co,Ekaman Chanweerayothin,0819179229,,https://halal.co.th/en/layout/images/noimage-product.jpg,Services
-,"Ready Meal, Ready to Eat by Nadimos Halal Kithen / Catering",100Q7010010266,N/A,N/A,08/02/2026,"NADIMOS LEBANESE RESTAURANT CO.,LTD.","981 Holiday Inn Bangkok Silom shop no. 4,14,15,16 floor G Silom Road, Silom, Bangrak, Bangkok 10500, Thailand., Si Lom, Khet Bang Rak, Bangkok, 10500",nadimos.1992@gmail.com,"อมรรัตน์,กัญญารัตน์",0996287982,,https://halal.co.th/en/layout/images/noimage-product.jpg,Services
N/A,Ready to eat,100U1640010268,N/A,N/A,10/02/2026,SOOKZAAP56,"220 Novotel Bangkok Platinum Tower, 5th floor, Petchaburi Road, Petchburi Road Subdistrict, Ratchathewi District, Bangkok 10400, Thanon Phetchaburi, Khet Ratchathewi, Bangkok, 10400",Wisitu2@gmail.com,Mr.Wisit Ungrangsee,0635651942,,https://halal.co.th/en/layout/images/noimage-product.jpg,Services
N/A,Ready-to-eat food Spicykhak by Ekgerik Rim Nam,100U1670010268,-,N/A,10/02/2026,"SETTHI ROI CHAT CO.,LTD","160,162  Soi Charansanitwong 86/1, Bang O, Bang Phlat, Bangkok 10700, Bang O, Khet Bang Phlat, Bangkok, 10700",wanchai.fn@amdangtyphoon.com,Wanchai Sommon,0830126366,,https://halal.co.th/en/layout/images/noimage-product.jpg,Services
-,Rimnam restaurant,100E0130010958,N/A,N/A,15/03/2026,-,"Bang Nak, Mueang Narathiwat, Narathiwat, 96000",Restaurantrimnam@gmail.com,-,073-511559,,https://halal.co.th/en/layout/images/noimage-product.jpg,Services
N/A,Ronpeep,100T1900010867,N/A,N/A,30/04/2026,Rongpeep,"4 Ramkomut Road, Ano Ru, Mueang Pattani, Pattani, 94000",Rongpeep168@gmail.com,Rongpeep,0636922626,,https://halal.co.th/en/layout/images/noimage-product.jpg,Services
N/A,Sea freight full container load,100U0290011267,N/A,N/A,10/12/2025,Triple i Logistics Public Company Limited,"628 Triple i Building, Soi Klap Chom, Nonsee Road,, Yan Nawa, Bangkok 10120, Chong Nonsi, Khet Yan Nawa, Bangkok, 10120",wasawat@iii-logistics.com,Wasawat Jarubundit,0894649953,Halal logistics systems of Sea freight full container load.,https://halal.co.th/en/layout/images/noimage-product.jpg,Services
N/A,Sea freight full container load,100U0290011267,N/A,N/A,10/12/2025,Triple i Logistics Public Company Limited,"628 Triple i Building, Soi Klap Chom, Nonsee Road,, Yan Nawa, Bangkok 10120, Chong Nonsi, Khet Yan Nawa, Bangkok, 10120",wasawat@iii-logistics.com,Wasawat Jarubundit,0894649953,Halal logistics systems of Sea freight full container load.,https://halal.co.th/en/layout/images/noimage-product.jpg,Services
BBQSIAM,"Seasoned food, ready to eat Grilled BBQ",100T3710010967,-,N/A,09/09/2025,BBQ SIAM,"299 IconSiam Shopping Center Building, Charoen Nakhon Road, Khlong Ton Sai Subdistrict, Khlong San District, Bangkok 10600, Thailand., Khlong Ton Sai, Khet Khlong San, Bangkok, 10600",somyingying52@gmail.com,Miss Bunyada Muangphrom,095-4261580,,https://halal.co.th/en/layout/images/noimage-product.jpg,Services
N/A,Seaverse Cafe & Restaurant,100S2880011266,N/A,N/A,21/12/2025,sevenseahorse,"312  Moo 2,  Pha Wong Subdistrict, Hat Yai District, Songkhla Province. 90100, Phawong, Mueang Songkhla, Songkhla, 90100",seaversecafe@gmail.com,Mr.Abdulloh Bunkong,0660472047,,https://halal.co.th/en/layout/images/noimage-product.jpg,Services
N/A,Sunkampu,100T8090011067,N/A,N/A,16/10/2025,Sunkampu,"55/17, Sabarang, Mueang Pattani, Pattani, 94000",sunkampu2560@gmail.com,Sunkampu,0649058861,,https://halal.co.th/en/layout/images/noimage-product.jpg,Services
Sushichampion Nakhon Si Thammarat,sushichampion,100U3480010468,N/A,N/A,11/03/2026,Sushichampion Nakhonsithummarat,"30/25 Moo 5, Pakpoon, Mueang Nakhon Si Thammarat, Nakhon Si Thammarat 80000, Thailand., Pak Phun, Mueang Nakhon Si Thammarat, Nakhon Si Thammarat, 80000",sushichampion.nst@gmail.com,Nutsara Sewaka,0636031000,,https://halal.co.th/en/layout/images/noimage-product.jpg,Services
ิbella,THE CIRCLE RESTAURANT HALAL KITCHEN BELLA EXPRESS HOTEL,100G1870010360,N/A,N/A,14/03/2026,BELLA ROYAL COMPANY LIMITED.,"336/22 M 9  NONG-PRUE BANGLAMUNG CHONBURI 20150, THAILAND., Nong Prue, Bang Lamung, Chon Buri, 20150",store@bellavillapattaya.com,Kritika Hnongyai,"094-9462461, 038-428104",THE CIRCLE RESTAURANT HALAL KITCHEN BELLA EXPRESS HOTEL,https://halal.co.th/en/layout/images/noimage-product.jpg,Services
-,WAREHOUSE,100G0560010360,N/A,N/A,20/03/2026,"YUSEN LOGISTICS (THAILAND) CO.,LTD.","2525 One, Two FYI Center, 6th, 7th Floor, Rama 4 Rd., Sub-district Klongtoey, District Klongtoey, Bangkok 10110, Thailand., Khlong Toei, Khet Khlong Toei, Bangkok, 10110",Alisa.l@th.yusen-logistics.com,Alisa Wachuraareerat,0830799383,WAREHOUSE,https://halal.co.th/en/layout/images/noimage-product.jpg,Services
-,Warehouse,101K5230010163,N/A,N/A,03/01/2026,"YCH (THAILAND) CO., LTD.","128 LADKRABANG INDUSTRIAL ESTATE, SOI CHALONGKRUNG 31, LAMPLATIEW, LADKRABANG, BANGKOK 10520, THAILAND., Lam Pla Thio, Khet Lat Krabang, Bangkok, 10520",sitthiphong.p@ych.com,-,0865550339,Warehouse,https://halal.co.th/en/layout/images/noimage-product.jpg,Services
N/A,Warehouse,101Q2180011165,N/A,N/A,21/11/2025,"SRIMUANGWAREHOUSE CO.,LTD.","679/1 M. 1 Bang Pu Mai Subdistrict, Mueang Samut Prakan District, Samut Prakan, 10280 Thailand., Bang Pu Mai, Mueang Samut Prakan, Samut Prakan, 10280",srimuangwarehouse@gmail.com,Ms. Pornnapha Ponkaew,02 225 1961,,https://halal.co.th/en/layout/images/noimage-product.jpg,Services
N/A,WAREHOUSE,102J1530010362,N/A,N/A,06/03/2026,LF Logistics (Thailand) Limited.,"505 Moo 2, Udomsorayuth Rd., Tambol Klongjik, Amphur Bangpa-in, Ayudhaya 13160, Thailand., Khlong Chik, Bang Pa-in, Phra Nakhon Si Ayutthaya, 13160",,,,WAREHOUSE,https://halal.co.th/en/layout/images/noimage-product.jpg,Services
N/A,"Warehouse Building A,Room AM01",101T1720010767,N/A,N/A,25/07/2025,JPK COLD STORAGE COMPANY LIMITED.,"36 Krungthep Kreetha Road, Bang Kapi, Hua Mak, Bangkok 10240, Thailand., Hua Mak, Khet Bang Kapi, Bangkok, 10240",qa.jpk@scgjwd.com,Nampuing Chiyangkaboot,090-1948539,,https://halal.co.th/en/layout/images/noimage-product.jpg,Services
Sumisho Global Logistics (Thailand),"Warehouse Take-In Process, Storage process and Delivery process",102G9290011060,N/A,N/A,10/10/2025,"Sumisho Global Logistics (Thailand) Co., Ltd.","55/20 Moo 13, Nava Nakorn Industrial Estate, Phaholyothin Rd., Klong Nueng, Klongluang, Pathumthani 12120, Thailand., Khlong Nueng, Khlong Luang, Pathum Thani, 12120",,-,-,"Warehouse Take-In Process, Storage process and Delivery process",https://halal.co.th/en/layout/images/noimage-product.jpg,Services
YALA SUSHI,YALA SUSHI,100Q5990010366,N/A,N/A,29/04/2026,YALASUSHI,"8 Soi kodchapong(manu-nitaya) manu-nitaya Road. Sateng Mungyala, Sateng, Mueang Yala, Yala, 95000",Sushimaiyala@gmail.com,Mr.Mongkol Chaykaew,0851478260,JAPANESE RESTAURANTS,https://halal.co.th/en/layout/images/noimage-product.jpg,Services
N/A,ครัวฮาลาล,100B2530011251,N/A,N/A,14/09/2025,Bajoh Hospital,"315 Petchkasem Road, Bacho, Bacho, Narathiwat, 96170",Sofeeyah.dae2535@gmail.com,Sofeeyah  Dae,-,,https://halal.co.th/en/layout/images/noimage-product.jpg,Services
N/A,ครัวฮาลาล,100U6120010668,N/A,N/A,02/05/2026,SOMDEJPRABOROMRACHINEENART NATAWEE HOSPITAL,"20 Nathawee-Prakob Road, Na Thawi, Na Thawi, Songkhla, 90160",madaunda@gmail.com,Nutrition Department,074080373ต่อ741,,https://halal.co.th/en/layout/images/noimage-product.jpg,Services
Baan Suan Cafe,็HALAL KITCHEN,100R6890010966,N/A,N/A,05/09/2025,Baan Suan Cafe,"257  Moo.4  Koh Klang Subdistrict, Koh Lanta District  Krabi Province 81120, Ko Klang, Ko Lanta, Krabi, 81120",thinnakornk@gmail.com,Mrs.Panissara kanungkan,0909482667,,https://halal.co.th/en/layout/images/noimage-product.jpg,Services
THE FOR YOU,็Halal Kitchen,100U0560010268,-,N/A,16/01/2026,The for you,"4/155 Moo.6 Charoen pradit Rd., Ru Samilae, Mueang Pattani, Pattani, 94000",0822687545,Miss Farida Yusoh,065 115 7933 (Shop),-,https://halal.co.th/en/layout/images/noimage-product.jpg,Services
